timestamp,elapsed_sec,frame_idx,heart_rate
2025-06-05 17:00:27.414844,5.06,129,80
2025-06-05 17:00:32.414844,10.06,192,81
2025-06-05 17:00:37.414844,15.06,255,82
2025-06-05 17:00:42.414844,20.06,318,83
2025-06-05 17:00:47.414844,25.06,381,84
2025-06-05 17:00:52.414844,30.06,444,84
2025-06-05 17:00:57.414844,35.06,507,85
2025-06-05 17:01:02.414844,40.06,570,86
2025-06-05 17:01:07.414844,45.06,633,86
2025-06-05 17:01:12.414844,50.06,696,87
2025-06-05 17:01:17.414844,55.06,759,86
2025-06-05 17:01:22.414844,60.06,822,86
2025-06-05 17:01:27.414844,65.06,885,87
2025-06-05 17:01:32.414844,70.06,948,88
2025-06-05 17:01:37.414844,75.06,1011,88
2025-06-05 17:01:42.414844,80.06,1074,89
2025-06-05 17:01:47.414844,85.06,1137,88
2025-06-05 17:01:52.414844,90.06,1200,89
2025-06-05 17:01:57.414844,95.06,1263,89
2025-06-05 17:02:02.414844,100.06,1326,90
2025-06-05 17:02:07.414844,105.06,1389,90
2025-06-05 17:02:12.414844,110.06,1452,90
2025-06-05 17:02:17.414844,115.06,1515,90
2025-06-05 17:02:22.414844,120.06,1578,89
2025-06-05 17:02:27.414844,125.06,1641,90
2025-06-05 17:02:32.414844,130.06,1704,90
2025-06-05 17:02:37.414844,135.06,1767,90
2025-06-05 17:02:42.414844,140.06,1830,90
2025-06-05 17:02:47.414844,145.06,1893,90
2025-06-05 17:02:52.414844,150.06,1956,89
2025-06-05 17:02:57.414844,155.06,2019,90
2025-06-05 17:03:02.414844,160.06,2082,89
2025-06-05 17:03:07.414844,165.06,2145,90
2025-06-05 17:03:12.414844,170.06,2208,89
2025-06-05 17:03:17.414844,175.06,2271,88
2025-06-05 17:03:22.414844,180.06,2334,87
2025-06-05 17:03:27.414844,185.06,2397,86
2025-06-05 17:03:32.414844,190.06,2460,85
2025-06-05 17:03:37.414844,195.06,2523,85
2025-06-05 17:03:42.414844,200.06,2586,86
2025-06-05 17:03:47.414844,205.06,2649,87
2025-06-05 17:03:52.414844,210.06,2712,86
2025-06-05 17:03:57.414844,215.06,2775,86
2025-06-05 17:04:02.414844,220.06,2838,85
2025-06-05 17:04:07.414844,225.06,2901,84
2025-06-05 17:04:12.414844,230.06,2964,84
2025-06-05 17:04:17.414844,235.06,3027,83
2025-06-05 17:04:22.414844,240.06,3090,82
2025-06-05 17:04:27.414844,245.06,3153,83
2025-06-05 17:04:32.414844,250.06,3216,84
2025-06-05 17:04:37.414844,255.06,3279,83
2025-06-05 17:04:42.414844,260.06,3342,83
2025-06-05 17:04:47.414844,265.06,3405,82
2025-06-05 17:04:52.414844,270.06,3468,81
2025-06-05 17:04:57.414844,275.06,3531,82
2025-06-05 17:05:02.414844,280.06,3594,83
2025-06-05 17:05:07.414844,285.06,3657,83
2025-06-05 17:05:12.414844,290.06,3720,82
2025-06-05 17:05:17.414844,295.06,3783,81
2025-06-05 17:05:22.414844,300.06,3846,80
2025-06-05 17:05:27.414844,305.06,3909,80
2025-06-05 17:05:32.414844,310.06,3972,79
2025-06-05 17:05:37.414844,315.06,4035,78
2025-06-05 17:05:42.414844,320.06,4098,78
2025-06-05 17:05:47.414844,325.06,4161,77
2025-06-05 17:05:52.414844,330.06,4224,76
2025-06-05 17:05:57.414844,335.06,4287,77
2025-06-05 17:06:02.414844,340.06,4350,78
2025-06-05 17:06:07.414844,345.06,4413,78
2025-06-05 17:06:12.414844,350.06,4476,78
2025-06-05 17:06:17.414844,355.06,4539,79
2025-06-05 17:06:22.414844,360.06,4602,79
2025-06-05 17:06:27.414844,365.06,4665,78
2025-06-05 17:06:32.414844,370.06,4728,79
2025-06-05 17:06:37.414844,375.06,4791,80
2025-06-05 17:06:42.414844,380.06,4854,81
2025-06-05 17:06:47.414844,385.06,4917,82
2025-06-05 17:06:52.414844,390.06,4980,81
2025-06-05 17:06:57.414844,395.06,5043,81
2025-06-05 17:07:02.414844,400.06,5106,80
2025-06-05 17:07:07.414844,405.06,5169,79
2025-06-05 17:07:12.414844,410.06,5232,79
2025-06-05 17:07:17.414844,415.06,5295,80
2025-06-05 17:07:22.414844,420.06,5358,79
2025-06-05 17:07:27.414844,425.06,5421,80
2025-06-05 17:07:32.414844,430.06,5484,80
2025-06-05 17:07:37.414844,435.06,5547,80
2025-06-05 17:07:42.414844,440.06,5610,80
2025-06-05 17:07:47.414844,445.06,5673,79
2025-06-05 17:07:52.414844,450.06,5736,79
2025-06-05 17:07:57.414844,455.06,5799,79
2025-06-05 17:08:02.414844,460.06,5862,78
2025-06-05 17:08:07.414844,465.06,5925,79
2025-06-05 17:08:12.414844,470.06,5988,79
2025-06-05 17:08:17.414844,475.06,6051,78
2025-06-05 17:08:22.414844,480.06,6114,77
2025-06-05 17:08:27.414844,485.06,6177,78
2025-06-05 17:08:32.414844,490.06,6240,79
2025-06-05 17:08:37.414844,495.06,6303,78
2025-06-05 17:08:42.414844,500.06,6366,78
2025-06-05 17:08:47.414844,505.06,6429,77
2025-06-05 17:08:52.414844,510.06,6492,76
2025-06-05 17:08:57.414844,515.06,6555,75
2025-06-05 17:09:02.414844,520.06,6618,75
2025-06-05 17:09:07.414844,525.06,6681,75
2025-06-05 17:09:12.414844,530.06,6744,76
2025-06-05 17:09:17.414844,535.06,6807,76
2025-06-05 17:09:22.414844,540.06,6870,75
2025-06-05 17:09:27.414844,545.06,6933,75
2025-06-05 17:09:32.414844,550.06,6996,76
2025-06-05 17:09:37.414844,555.06,7059,75
2025-06-05 17:09:42.414844,560.06,7122,75
2025-06-05 17:09:47.414844,565.06,7185,76
2025-06-05 17:09:52.414844,570.06,7248,77
2025-06-05 17:09:57.414844,575.06,7311,76
2025-06-05 17:10:02.414844,580.06,7374,77
2025-06-05 17:10:07.414844,585.06,7437,77
2025-06-05 17:10:12.414844,590.06,7500,78
2025-06-05 17:10:17.414844,595.06,7563,78
2025-06-05 17:10:22.414844,600.06,7626,79
2025-06-05 17:10:27.414844,605.06,7689,80
2025-06-05 17:10:32.414844,610.06,7752,80
2025-06-05 17:10:37.414844,615.06,7815,81
2025-06-05 17:10:42.414844,620.06,7878,80
2025-06-05 17:10:47.414844,625.06,7941,80
2025-06-05 17:10:52.414844,630.06,8004,79
2025-06-05 17:10:57.414844,635.06,8067,78
2025-06-05 17:11:02.414844,640.06,8130,77
2025-06-05 17:11:07.414844,645.06,8193,76
2025-06-05 17:11:12.414844,650.06,8256,77
2025-06-05 17:11:17.414844,655.06,8319,78
2025-06-05 17:11:22.414844,660.06,8382,77
2025-06-05 17:11:27.414844,665.06,8445,78
2025-06-05 17:11:32.414844,670.06,8508,79
2025-06-05 17:11:37.414844,675.06,8571,79
2025-06-05 17:11:42.414844,680.06,8634,78
2025-06-05 17:11:47.414844,685.06,8697,77
2025-06-05 17:11:52.414844,690.06,8760,76
2025-06-05 17:11:57.414844,695.06,8823,75
2025-06-05 17:12:02.414844,700.06,8886,74
2025-06-05 17:12:07.414844,705.06,8949,74
2025-06-05 17:12:12.414844,710.06,9012,74
2025-06-05 17:12:17.414844,715.06,9075,75
2025-06-05 17:12:22.414844,720.06,9138,76
2025-06-05 17:12:27.414844,725.06,9201,77
2025-06-05 17:12:32.414844,730.06,9264,77
2025-06-05 17:12:37.414844,735.06,9327,77
2025-06-05 17:12:42.414844,740.06,9390,78
2025-06-05 17:12:47.414844,745.06,9453,77
2025-06-05 17:12:52.414844,750.06,9516,76
2025-06-05 17:12:57.414844,755.06,9579,75
2025-06-05 17:13:02.414844,760.06,9642,76
2025-06-05 17:13:07.414844,765.06,9705,76
2025-06-05 17:13:12.414844,770.06,9768,76
2025-06-05 17:13:17.414844,775.06,9831,77
2025-06-05 17:13:22.414844,780.06,9894,78
2025-06-05 17:13:27.414844,785.06,9957,78
2025-06-05 17:13:32.414844,790.06,10020,79
2025-06-05 17:13:37.414844,795.06,10083,78
2025-06-05 17:13:42.414844,800.06,10146,77
2025-06-05 17:13:47.414844,805.06,10209,78
2025-06-05 17:13:52.414844,810.06,10272,79
2025-06-05 17:13:57.414844,815.06,10335,80
2025-06-05 17:14:02.414844,820.06,10398,81
2025-06-05 17:14:07.414844,825.06,10461,81
2025-06-05 17:14:12.414844,830.06,10524,82
2025-06-05 17:14:17.414844,835.06,10587,83
2025-06-05 17:14:22.414844,840.06,10650,82
2025-06-05 17:14:27.414844,845.06,10713,81
2025-06-05 17:14:32.414844,850.06,10776,80
2025-06-05 17:14:37.414844,855.06,10839,80
2025-06-05 17:14:42.414844,860.06,10902,79
2025-06-05 17:14:47.414844,865.06,10965,78
2025-06-05 17:14:52.414844,870.06,11028,77
2025-06-05 17:14:57.414844,875.06,11091,77
2025-06-05 17:15:02.414844,880.06,11154,76
2025-06-05 17:15:07.414844,885.06,11217,76
2025-06-05 17:15:12.414844,890.06,11280,77
2025-06-05 17:15:17.414844,895.06,11343,77
2025-06-05 17:15:22.414844,900.06,11406,76
2025-06-05 17:15:27.414844,905.06,11469,75
2025-06-05 17:15:32.414844,910.06,11532,74
2025-06-05 17:15:37.414844,915.06,11595,75
2025-06-05 17:15:42.414844,920.06,11658,74
2025-06-05 17:15:47.414844,925.06,11721,74
2025-06-05 17:15:52.414844,930.06,11784,73
2025-06-05 17:15:57.414844,935.06,11847,74
2025-06-05 17:16:02.414844,940.06,11910,74
2025-06-05 17:16:07.414844,945.06,11973,73
2025-06-05 17:16:12.414844,950.06,12036,72
2025-06-05 17:16:17.414844,955.06,12099,71
2025-06-05 17:16:22.414844,960.06,12162,71
2025-06-05 17:16:27.414844,965.06,12225,72
2025-06-05 17:16:32.414844,970.06,12288,72
2025-06-05 17:16:37.414844,975.06,12351,71
2025-06-05 17:16:42.414844,980.06,12414,72
2025-06-05 17:16:47.414844,985.06,12477,73
2025-06-05 17:16:52.414844,990.06,12540,72
2025-06-05 17:16:57.414844,995.06,12603,73
2025-06-05 17:17:02.414844,1000.06,12666,73
2025-06-05 17:17:07.414844,1005.06,12729,74
2025-06-05 17:17:12.414844,1010.06,12792,75
2025-06-05 17:17:17.414844,1015.06,12855,76
2025-06-05 17:17:22.414844,1020.06,12918,77
2025-06-05 17:17:27.414844,1025.06,12981,78
2025-06-05 17:17:32.414844,1030.06,13044,78
2025-06-05 17:17:37.414844,1035.06,13107,77
2025-06-05 17:17:42.414844,1040.06,13170,77
2025-06-05 17:17:47.414844,1045.06,13233,76
2025-06-05 17:17:52.414844,1050.06,13296,76
2025-06-05 17:17:57.414844,1055.06,13359,75
2025-06-05 17:18:02.414844,1060.06,13422,76
2025-06-05 17:18:07.414844,1065.06,13485,75
2025-06-05 17:18:12.414844,1070.06,13548,74
2025-06-05 17:18:17.414844,1075.06,13611,73
2025-06-05 17:18:22.414844,1080.06,13674,73
2025-06-05 17:18:27.414844,1085.06,13737,72
2025-06-05 17:18:32.414844,1090.06,13800,73
2025-06-05 17:18:37.414844,1095.06,13863,72
2025-06-05 17:18:42.414844,1100.06,13926,71
2025-06-05 17:18:47.414844,1105.06,13989,72
2025-06-05 17:18:52.414844,1110.06,14052,72
2025-06-05 17:18:57.414844,1115.06,14115,72
2025-06-05 17:19:02.414844,1120.06,14178,72
2025-06-05 17:19:07.414844,1125.06,14241,73
2025-06-05 17:19:12.414844,1130.06,14304,73
2025-06-05 17:19:17.414844,1135.06,14367,74
2025-06-05 17:19:22.414844,1140.06,14430,75
2025-06-05 17:19:27.414844,1145.06,14493,74
2025-06-05 17:19:32.414844,1150.06,14556,73
2025-06-05 17:19:37.414844,1155.06,14619,74
2025-06-05 17:19:42.414844,1160.06,14682,73
2025-06-05 17:19:47.414844,1165.06,14745,74
2025-06-05 17:19:52.414844,1170.06,14808,75
2025-06-05 17:19:57.414844,1175.06,14871,75
2025-06-05 17:20:02.414844,1180.06,14934,75
2025-06-05 17:20:07.414844,1185.06,14997,74
2025-06-05 17:20:12.414844,1190.06,15060,75
2025-06-05 17:20:17.414844,1195.06,15123,74
2025-06-05 17:20:22.414844,1200.06,15186,75
2025-06-05 17:20:27.414844,1205.06,15249,76
2025-06-05 17:20:32.414844,1210.06,15312,77
2025-06-05 17:20:37.414844,1215.06,15375,77
2025-06-05 17:20:42.414844,1220.06,15438,76
2025-06-05 17:20:47.414844,1225.06,15501,75
2025-06-05 17:20:52.414844,1230.06,15564,74
2025-06-05 17:20:57.414844,1235.06,15627,74
2025-06-05 17:21:02.414844,1240.06,15690,73
2025-06-05 17:21:07.414844,1245.06,15753,72
2025-06-05 17:21:12.414844,1250.06,15816,72
2025-06-05 17:21:17.414844,1255.06,15879,71
2025-06-05 17:21:22.414844,1260.06,15942,71
2025-06-05 17:21:27.414844,1265.06,16005,72
2025-06-05 17:21:32.414844,1270.06,16068,73
2025-06-05 17:21:37.414844,1275.06,16131,72
2025-06-05 17:21:42.414844,1280.06,16194,72
2025-06-05 17:21:47.414844,1285.06,16257,72
2025-06-05 17:21:52.414844,1290.06,16320,72
2025-06-05 17:21:57.414844,1295.06,16383,73
2025-06-05 17:22:02.414844,1300.06,16446,74
2025-06-05 17:22:07.414844,1305.06,16509,73
2025-06-05 17:22:12.414844,1310.06,16572,74
2025-06-05 17:22:17.414844,1315.06,16635,73
2025-06-05 17:22:22.414844,1320.06,16698,72
2025-06-05 17:22:27.414844,1325.06,16761,71
2025-06-05 17:22:32.414844,1330.06,16824,72
2025-06-05 17:22:37.414844,1335.06,16887,72
2025-06-05 17:22:42.414844,1340.06,16950,71
2025-06-05 17:22:47.414844,1345.06,17013,71
2025-06-05 17:22:52.414844,1350.06,17076,72
2025-06-05 17:22:57.414844,1355.06,17139,72
2025-06-05 17:23:02.414844,1360.06,17202,72
2025-06-05 17:23:07.414844,1365.06,17265,73
2025-06-05 17:23:12.414844,1370.06,17328,74
2025-06-05 17:23:17.414844,1375.06,17391,74
2025-06-05 17:23:22.414844,1380.06,17454,73
2025-06-05 17:23:27.414844,1385.06,17517,73
2025-06-05 17:23:32.414844,1390.06,17580,72
2025-06-05 17:23:37.414844,1395.06,17643,73
2025-06-05 17:23:42.414844,1400.06,17706,74
2025-06-05 17:23:47.414844,1405.06,17769,75
2025-06-05 17:23:52.414844,1410.06,17832,75
2025-06-05 17:23:57.414844,1415.06,17895,75
2025-06-05 17:24:02.414844,1420.06,17958,76
2025-06-05 17:24:07.414844,1425.06,18021,76
2025-06-05 17:24:12.414844,1430.06,18084,77
2025-06-05 17:24:17.414844,1435.06,18147,78
2025-06-05 17:24:22.414844,1440.06,18210,78
2025-06-05 17:24:27.414844,1445.06,18273,78
2025-06-05 17:24:32.414844,1450.06,18336,77
2025-06-05 17:24:37.414844,1455.06,18399,77
2025-06-05 17:24:42.414844,1460.06,18462,77
2025-06-05 17:24:47.414844,1465.06,18525,78
2025-06-05 17:24:52.414844,1470.06,18588,79
2025-06-05 17:24:57.414844,1475.06,18651,78
2025-06-05 17:25:02.414844,1480.06,18714,78
2025-06-05 17:25:07.414844,1485.06,18777,79
2025-06-05 17:25:12.414844,1490.06,18840,80
2025-06-05 17:25:17.414844,1495.06,18903,79
2025-06-05 17:25:22.414844,1500.06,18966,79
2025-06-05 17:25:27.414844,1505.06,19029,80
2025-06-05 17:25:32.414844,1510.06,19092,81
2025-06-05 17:25:37.414844,1515.06,19155,80
2025-06-05 17:25:42.414844,1520.06,19218,80
2025-06-05 17:25:47.414844,1525.06,19281,81
2025-06-05 17:25:52.414844,1530.06,19344,80
2025-06-05 17:25:57.414844,1535.06,19407,80
2025-06-05 17:26:02.414844,1540.06,19470,81
2025-06-05 17:26:07.414844,1545.06,19533,82
2025-06-05 17:26:12.414844,1550.06,19596,83
2025-06-05 17:26:17.414844,1555.06,19659,83
2025-06-05 17:26:22.414844,1560.06,19722,83
2025-06-05 17:26:27.414844,1565.06,19785,82
2025-06-05 17:26:32.414844,1570.06,19848,83
2025-06-05 17:26:37.414844,1575.06,19911,83
2025-06-05 17:26:42.414844,1580.06,19974,84
2025-06-05 17:26:47.414844,1585.06,20037,84
2025-06-05 17:26:52.414844,1590.06,20100,84
2025-06-05 17:26:57.414844,1595.06,20163,83
2025-06-05 17:27:02.414844,1600.06,20226,83
2025-06-05 17:27:07.414844,1605.06,20289,84
2025-06-05 17:27:12.414844,1610.06,20352,84
2025-06-05 17:27:17.414844,1615.06,20415,83
2025-06-05 17:27:22.414844,1620.06,20478,84
2025-06-05 17:27:27.414844,1625.06,20541,83
2025-06-05 17:27:32.414844,1630.06,20604,84
2025-06-05 17:27:37.414844,1635.06,20667,83
2025-06-05 17:27:42.414844,1640.06,20730,83
2025-06-05 17:27:47.414844,1645.06,20793,84
2025-06-05 17:27:52.414844,1650.06,20856,83
2025-06-05 17:27:57.414844,1655.06,20919,84
2025-06-05 17:28:02.414844,1660.06,20982,84
2025-06-05 17:28:07.414844,1665.06,21045,84
2025-06-05 17:28:12.414844,1670.06,21108,83
2025-06-05 17:28:17.414844,1675.06,21171,83
2025-06-05 17:28:22.414844,1680.06,21234,84
2025-06-05 17:28:27.414844,1685.06,21297,84
2025-06-05 17:28:32.414844,1690.06,21360,83
2025-06-05 17:28:37.414844,1695.06,21423,84
2025-06-05 17:28:42.414844,1700.06,21486,85
2025-06-05 17:28:47.414844,1705.06,21549,85
2025-06-05 17:28:52.414844,1710.06,21612,85
2025-06-05 17:28:57.414844,1715.06,21675,84
2025-06-05 17:29:02.414844,1720.06,21738,85
2025-06-05 17:29:07.414844,1725.06,21801,85
2025-06-05 17:29:12.414844,1730.06,21864,86
2025-06-05 17:29:17.414844,1735.06,21927,86
2025-06-05 17:29:22.414844,1740.06,21990,86
2025-06-05 17:29:27.414844,1745.06,22053,85
2025-06-05 17:29:32.414844,1750.06,22116,85
2025-06-05 17:29:37.414844,1755.06,22179,84
2025-06-05 17:29:42.414844,1760.06,22242,84
2025-06-05 17:29:47.414844,1765.06,22305,85
2025-06-05 17:29:52.414844,1770.06,22368,86
2025-06-05 17:29:57.414844,1775.06,22431,86
2025-06-05 17:30:02.414844,1780.06,22494,85
2025-06-05 17:30:07.414844,1785.06,22557,85
2025-06-05 17:30:12.414844,1790.06,22620,86
2025-06-05 17:30:17.414844,1795.06,22683,85
2025-06-05 17:30:22.414844,1800.06,22746,86
2025-06-05 17:30:27.414844,1805.06,22809,85
2025-06-05 17:30:32.414844,1810.06,22872,85
2025-06-05 17:30:37.414844,1815.06,22935,84
2025-06-05 17:30:42.414844,1820.06,22998,85
2025-06-05 17:30:47.414844,1825.06,23061,86
2025-06-05 17:30:52.414844,1830.06,23124,85
2025-06-05 17:30:57.414844,1835.06,23187,84
2025-06-05 17:31:02.414844,1840.06,23250,83
2025-06-05 17:31:07.414844,1845.06,23313,82
2025-06-05 17:31:12.414844,1850.06,23376,82
2025-06-05 17:31:17.414844,1855.06,23439,81
2025-06-05 17:31:22.414844,1860.06,23502,82
2025-06-05 17:31:27.414844,1865.06,23565,82
2025-06-05 17:31:32.414844,1870.06,23628,81
2025-06-05 17:31:37.414844,1875.06,23691,81
2025-06-05 17:31:42.414844,1880.06,23754,81
2025-06-05 17:31:47.414844,1885.06,23817,81
2025-06-05 17:31:52.414844,1890.06,23880,82
2025-06-05 17:31:57.414844,1895.06,23943,83
2025-06-05 17:32:02.414844,1900.06,24006,83
2025-06-05 17:32:07.414844,1905.06,24069,83
2025-06-05 17:32:12.414844,1910.06,24132,82
2025-06-05 17:32:17.414844,1915.06,24195,82
2025-06-05 17:32:22.414844,1920.06,24258,83
2025-06-05 17:32:27.414844,1925.06,24321,83
2025-06-05 17:32:32.414844,1930.06,24384,83
2025-06-05 17:32:37.414844,1935.06,24447,82
2025-06-05 17:32:42.414844,1940.06,24510,83
2025-06-05 17:32:47.414844,1945.06,24573,82
2025-06-05 17:32:52.414844,1950.06,24636,82
2025-06-05 17:32:57.414844,1955.06,24699,81
2025-06-05 17:33:02.414844,1960.06,24762,80
2025-06-05 17:33:07.414844,1965.06,24825,81
2025-06-05 17:33:12.414844,1970.06,24888,81
2025-06-05 17:33:17.414844,1975.06,24951,81
2025-06-05 17:33:22.414844,1980.06,25014,80
2025-06-05 17:33:27.414844,1985.06,25077,79
2025-06-05 17:33:32.414844,1990.06,25140,78
2025-06-05 17:33:37.414844,1995.06,25203,78
2025-06-05 17:33:42.414844,2000.06,25266,79
2025-06-05 17:33:47.414844,2005.06,25329,80
2025-06-05 17:33:52.414844,2010.06,25392,79
2025-06-05 17:33:57.414844,2015.06,25455,80
2025-06-05 17:34:02.414844,2020.06,25518,81
2025-06-05 17:34:07.414844,2025.06,25581,82
2025-06-05 17:34:12.414844,2030.06,25644,82
2025-06-05 17:34:17.414844,2035.06,25707,83
2025-06-05 17:34:22.414844,2040.06,25770,84
2025-06-05 17:34:27.414844,2045.06,25833,83
2025-06-05 17:34:32.414844,2050.06,25896,84
2025-06-05 17:34:37.414844,2055.06,25959,83
2025-06-05 17:34:42.414844,2060.06,26022,82
2025-06-05 17:34:47.414844,2065.06,26085,81
2025-06-05 17:34:52.414844,2070.06,26148,81
2025-06-05 17:34:57.414844,2075.06,26211,81
2025-06-05 17:35:02.414844,2080.06,26274,80
2025-06-05 17:35:07.414844,2085.06,26337,80
2025-06-05 17:35:12.414844,2090.06,26400,79
2025-06-05 17:35:17.414844,2095.06,26463,79
2025-06-05 17:35:22.414844,2100.06,26526,78
2025-06-05 17:35:27.414844,2105.06,26589,78
2025-06-05 17:35:32.414844,2110.06,26652,78
2025-06-05 17:35:37.414844,2115.06,26715,77
2025-06-05 17:35:42.414844,2120.06,26778,77
2025-06-05 17:35:47.414844,2125.06,26841,78
2025-06-05 17:35:52.414844,2130.06,26904,78
2025-06-05 17:35:57.414844,2135.06,26967,77
2025-06-05 17:36:02.414844,2140.06,27030,76
2025-06-05 17:36:07.414844,2145.06,27093,77
2025-06-05 17:36:12.414844,2150.06,27156,78
2025-06-05 17:36:17.414844,2155.06,27219,77
2025-06-05 17:36:22.414844,2160.06,27282,78
2025-06-05 17:36:27.414844,2165.06,27345,78
2025-06-05 17:36:32.414844,2170.06,27408,78
2025-06-05 17:36:37.414844,2175.06,27471,78
2025-06-05 17:36:42.414844,2180.06,27534,78
2025-06-05 17:36:47.414844,2185.06,27597,78
2025-06-05 17:36:52.414844,2190.06,27660,78
2025-06-05 17:36:57.414844,2195.06,27723,79
2025-06-05 17:37:02.414844,2200.06,27786,78
2025-06-05 17:37:07.414844,2205.06,27849,78
2025-06-05 17:37:12.414844,2210.06,27912,77
2025-06-05 17:37:17.414844,2215.06,27975,77
2025-06-05 17:37:22.414844,2220.06,28038,76
2025-06-05 17:37:27.414844,2225.06,28101,77
2025-06-05 17:37:32.414844,2230.06,28164,78
2025-06-05 17:37:37.414844,2235.06,28227,77
2025-06-05 17:37:42.414844,2240.06,28290,78
2025-06-05 17:37:47.414844,2245.06,28353,79
2025-06-05 17:37:52.414844,2250.06,28416,80
2025-06-05 17:37:57.414844,2255.06,28479,80
2025-06-05 17:38:02.414844,2260.06,28542,79
2025-06-05 17:38:07.414844,2265.06,28605,79
2025-06-05 17:38:12.414844,2270.06,28668,80
2025-06-05 17:38:17.414844,2275.06,28731,79
2025-06-05 17:38:22.414844,2280.06,28794,79
2025-06-05 17:38:27.414844,2285.06,28857,79
2025-06-05 17:38:32.414844,2290.06,28920,80
2025-06-05 17:38:37.414844,2295.06,28983,80
2025-06-05 17:38:42.414844,2300.06,29046,79
2025-06-05 17:38:47.414844,2305.06,29109,79
2025-06-05 17:38:52.414844,2310.06,29172,79
2025-06-05 17:38:57.414844,2315.06,29235,80
2025-06-05 17:39:02.414844,2320.06,29298,80
2025-06-05 17:39:07.414844,2325.06,29361,79
2025-06-05 17:39:12.414844,2330.06,29424,79
2025-06-05 17:39:17.414844,2335.06,29487,80
2025-06-05 17:39:22.414844,2340.06,29550,81
2025-06-05 17:39:27.414844,2345.06,29613,80
2025-06-05 17:39:32.414844,2350.06,29676,81
2025-06-05 17:39:37.414844,2355.06,29739,81
2025-06-05 17:39:42.414844,2360.06,29802,82
2025-06-05 17:39:47.414844,2365.06,29865,83
2025-06-05 17:39:52.414844,2370.06,29928,82
2025-06-05 17:39:57.414844,2375.06,29991,82
2025-06-05 17:40:02.414844,2380.06,30054,83
2025-06-05 17:40:07.414844,2385.06,30117,82
2025-06-05 17:40:12.414844,2390.06,30180,83
2025-06-05 17:40:17.414844,2395.06,30243,84
2025-06-05 17:40:22.414844,2400.06,30306,84
2025-06-05 17:40:27.414844,2405.06,30369,84
2025-06-05 17:40:32.414844,2410.06,30432,83
2025-06-05 17:40:37.414844,2415.06,30495,84
2025-06-05 17:40:42.414844,2420.06,30558,85
2025-06-05 17:40:47.414844,2425.06,30621,84
2025-06-05 17:40:52.414844,2430.06,30684,83
2025-06-05 17:40:57.414844,2435.06,30747,82
2025-06-05 17:41:02.414844,2440.06,30810,83
2025-06-05 17:41:07.414844,2445.06,30873,82
2025-06-05 17:41:12.414844,2450.06,30936,81
2025-06-05 17:41:17.414844,2455.06,30999,81
2025-06-05 17:41:22.414844,2460.06,31062,82
2025-06-05 17:41:27.414844,2465.06,31125,83
2025-06-05 17:41:32.414844,2470.06,31188,82
2025-06-05 17:41:37.414844,2475.06,31251,81
2025-06-05 17:41:42.414844,2480.06,31314,82
2025-06-05 17:41:47.414844,2485.06,31377,82
2025-06-05 17:41:52.414844,2490.06,31440,83
2025-06-05 17:41:57.414844,2495.06,31503,83
2025-06-05 17:42:02.414844,2500.06,31566,83
2025-06-05 17:42:07.414844,2505.06,31629,83
2025-06-05 17:42:12.414844,2510.06,31692,82
2025-06-05 17:42:17.414844,2515.06,31755,83
2025-06-05 17:42:22.414844,2520.06,31818,82
2025-06-05 17:42:27.414844,2525.06,31881,83
2025-06-05 17:42:32.414844,2530.06,31944,83
2025-06-05 17:42:37.414844,2535.06,32007,82
2025-06-05 17:42:42.414844,2540.06,32070,83
2025-06-05 17:42:47.414844,2545.06,32133,82
2025-06-05 17:42:52.414844,2550.06,32196,81
2025-06-05 17:42:57.414844,2555.06,32259,80
2025-06-05 17:43:02.414844,2560.06,32322,80
2025-06-05 17:43:07.414844,2565.06,32385,80
2025-06-05 17:43:12.414844,2570.06,32448,80
2025-06-05 17:43:17.414844,2575.06,32511,80
2025-06-05 17:43:22.414844,2580.06,32574,79
2025-06-05 17:43:27.414844,2585.06,32637,80
2025-06-05 17:43:32.414844,2590.06,32700,79
2025-06-05 17:43:37.414844,2595.06,32763,79
2025-06-05 17:43:42.414844,2600.06,32826,78
2025-06-05 17:43:47.414844,2605.06,32889,78
2025-06-05 17:43:52.414844,2610.06,32952,79
2025-06-05 17:43:57.414844,2615.06,33015,80
2025-06-05 17:44:02.414844,2620.06,33078,81
2025-06-05 17:44:07.414844,2625.06,33141,82
2025-06-05 17:44:12.414844,2630.06,33204,82
2025-06-05 17:44:17.414844,2635.06,33267,83
2025-06-05 17:44:22.414844,2640.06,33330,84
2025-06-05 17:44:27.414844,2645.06,33393,85
2025-06-05 17:44:32.414844,2650.06,33456,84
2025-06-05 17:44:37.414844,2655.06,33519,84
2025-06-05 17:44:42.414844,2660.06,33582,85
2025-06-05 17:44:47.414844,2665.06,33645,84
2025-06-05 17:44:52.414844,2670.06,33708,83
2025-06-05 17:44:57.414844,2675.06,33771,82
2025-06-05 17:45:02.414844,2680.06,33834,81
2025-06-05 17:45:07.414844,2685.06,33897,81
2025-06-05 17:45:12.414844,2690.06,33960,82
2025-06-05 17:45:17.414844,2695.06,34023,82
2025-06-05 17:45:22.414844,2700.06,34086,82
2025-06-05 17:45:27.414844,2705.06,34149,81
2025-06-05 17:45:32.414844,2710.06,34212,82
2025-06-05 17:45:37.414844,2715.06,34275,82
2025-06-05 17:45:42.414844,2720.06,34338,81
2025-06-05 17:45:47.414844,2725.06,34401,81
2025-06-05 17:45:52.414844,2730.06,34464,82
2025-06-05 17:45:57.414844,2735.06,34527,82
2025-06-05 17:46:02.414844,2740.06,34590,83
2025-06-05 17:46:07.414844,2745.06,34653,83
2025-06-05 17:46:12.414844,2750.06,34716,84
2025-06-05 17:46:17.414844,2755.06,34779,85
2025-06-05 17:46:22.414844,2760.06,34842,86
2025-06-05 17:46:27.414844,2765.06,34905,87
2025-06-05 17:46:32.414844,2770.06,34968,87
2025-06-05 17:46:37.414844,2775.06,35031,86
2025-06-05 17:46:42.414844,2780.06,35094,87
2025-06-05 17:46:47.414844,2785.06,35157,88
2025-06-05 17:46:52.414844,2790.06,35220,87
2025-06-05 17:46:57.414844,2795.06,35283,87
2025-06-05 17:47:02.414844,2800.06,35346,87
2025-06-05 17:47:07.414844,2805.06,35409,88
2025-06-05 17:47:12.414844,2810.06,35472,88
2025-06-05 17:47:17.414844,2815.06,35535,87
2025-06-05 17:47:22.414844,2820.06,35598,87
2025-06-05 17:47:27.414844,2825.06,35661,88
2025-06-05 17:47:32.414844,2830.06,35724,88
2025-06-05 17:47:37.414844,2835.06,35787,89
2025-06-05 17:47:42.414844,2840.06,35850,89
2025-06-05 17:47:47.414844,2845.06,35913,88
2025-06-05 17:47:52.414844,2850.06,35976,88
2025-06-05 17:47:57.414844,2855.06,36039,89
2025-06-05 17:48:02.414844,2860.06,36102,90
2025-06-05 17:48:07.414844,2865.06,36165,90
2025-06-05 17:48:12.414844,2870.06,36228,90
2025-06-05 17:48:17.414844,2875.06,36291,89
2025-06-05 17:48:22.414844,2880.06,36354,89
2025-06-05 17:48:27.414844,2885.06,36417,88
2025-06-05 17:48:32.414844,2890.06,36480,89
2025-06-05 17:48:37.414844,2895.06,36543,88
2025-06-05 17:48:42.414844,2900.06,36606,88
2025-06-05 17:48:47.414844,2905.06,36669,88
2025-06-05 17:48:52.414844,2910.06,36732,88
2025-06-05 17:48:57.414844,2915.06,36795,87
2025-06-05 17:49:02.414844,2920.06,36858,87
2025-06-05 17:49:07.414844,2925.06,36921,88
2025-06-05 17:49:12.414844,2930.06,36984,87
2025-06-05 17:49:17.414844,2935.06,37047,86
2025-06-05 17:49:22.414844,2940.06,37110,86
2025-06-05 17:49:27.414844,2945.06,37173,85
2025-06-05 17:49:32.414844,2950.06,37236,86
2025-06-05 17:49:37.414844,2955.06,37299,85
2025-06-05 17:49:42.414844,2960.06,37362,86
2025-06-05 17:49:47.414844,2965.06,37425,87
2025-06-05 17:49:52.414844,2970.06,37488,86
2025-06-05 17:49:57.414844,2975.06,37551,85
2025-06-05 17:50:02.414844,2980.06,37614,86
2025-06-05 17:50:07.414844,2985.06,37677,87
2025-06-05 17:50:12.414844,2990.06,37740,88
2025-06-05 17:50:17.414844,2995.06,37803,88
2025-06-05 17:50:22.414844,3000.06,37866,89
2025-06-05 17:50:27.414844,3005.06,37929,89
2025-06-05 17:50:32.414844,3010.06,37992,90
2025-06-05 17:50:37.414844,3015.06,38055,90
2025-06-05 17:50:42.414844,3020.06,38118,90
2025-06-05 17:50:47.414844,3025.06,38181,90
2025-06-05 17:50:52.414844,3030.06,38244,90
2025-06-05 17:50:57.414844,3035.06,38307,89
2025-06-05 17:51:02.414844,3040.06,38370,90
2025-06-05 17:51:07.414844,3045.06,38433,90
2025-06-05 17:51:12.414844,3050.06,38496,90
2025-06-05 17:51:17.414844,3055.06,38559,89
2025-06-05 17:51:22.414844,3060.06,38622,90
2025-06-05 17:51:27.414844,3065.06,38685,89
2025-06-05 17:51:32.414844,3070.06,38748,90
2025-06-05 17:51:37.414844,3075.06,38811,89
2025-06-05 17:51:42.414844,3080.06,38874,90
2025-06-05 17:51:47.414844,3085.06,38937,90
2025-06-05 17:51:52.414844,3090.06,39000,90
2025-06-05 17:51:57.414844,3095.06,39063,90
2025-06-05 17:52:02.414844,3100.06,39126,90
2025-06-05 17:52:07.414844,3105.06,39189,90
2025-06-05 17:52:12.414844,3110.06,39252,89
2025-06-05 17:52:17.414844,3115.06,39315,90
2025-06-05 17:52:22.414844,3120.06,39378,89
2025-06-05 17:52:27.414844,3125.06,39441,88
2025-06-05 17:52:32.414844,3130.06,39504,87
2025-06-05 17:52:37.414844,3135.06,39567,87
2025-06-05 17:52:42.414844,3140.06,39630,87
2025-06-05 17:52:47.414844,3145.06,39693,88
2025-06-05 17:52:52.414844,3150.06,39756,89
2025-06-05 17:52:57.414844,3155.06,39819,88
2025-06-05 17:53:02.414844,3160.06,39882,88
2025-06-05 17:53:07.414844,3165.06,39945,87
2025-06-05 17:53:12.414844,3170.06,40008,88
2025-06-05 17:53:17.414844,3175.06,40071,88
2025-06-05 17:53:22.414844,3180.06,40134,89
2025-06-05 17:53:27.414844,3185.06,40197,90
2025-06-05 17:53:32.414844,3190.06,40260,90
2025-06-05 17:53:37.414844,3195.06,40323,89
2025-06-05 17:53:42.414844,3200.06,40386,89
2025-06-05 17:53:47.414844,3205.06,40449,90
2025-06-05 17:53:52.414844,3210.06,40512,89
2025-06-05 17:53:57.414844,3215.06,40575,90
2025-06-05 17:54:02.414844,3220.06,40638,90
2025-06-05 17:54:07.414844,3225.06,40701,90
2025-06-05 17:54:12.414844,3230.06,40764,90
2025-06-05 17:54:17.414844,3235.06,40827,90
2025-06-05 17:54:22.414844,3240.06,40890,89
2025-06-05 17:54:27.414844,3245.06,40953,90
2025-06-05 17:54:32.414844,3250.06,41016,90
2025-06-05 17:54:37.414844,3255.06,41079,90
2025-06-05 17:54:42.414844,3260.06,41142,89
2025-06-05 17:54:47.414844,3265.06,41205,90
2025-06-05 17:54:52.414844,3270.06,41268,90
2025-06-05 17:54:57.414844,3275.06,41331,90
2025-06-05 17:55:02.414844,3280.06,41394,90
2025-06-05 17:55:07.414844,3285.06,41457,90
2025-06-05 17:55:12.414844,3290.06,41520,89
2025-06-05 17:55:17.414844,3295.06,41583,89
2025-06-05 17:55:22.414844,3300.06,41646,89
2025-06-05 17:55:27.414844,3305.06,41709,90
2025-06-05 17:55:32.414844,3310.06,41772,90
2025-06-05 17:55:37.414844,3315.06,41835,90
2025-06-05 17:55:42.414844,3320.06,41898,90
2025-06-05 17:55:47.414844,3325.06,41961,89
2025-06-05 17:55:52.414844,3330.06,42024,90
2025-06-05 17:55:57.414844,3335.06,42087,90
2025-06-05 17:56:02.414844,3340.06,42150,90
2025-06-05 17:56:07.414844,3345.06,42213,90
2025-06-05 17:56:12.414844,3350.06,42276,90
2025-06-05 17:56:17.414844,3355.06,42339,90
2025-06-05 17:56:22.414844,3360.06,42402,90
2025-06-05 17:56:27.414844,3365.06,42465,89
2025-06-05 17:56:32.414844,3370.06,42528,90
2025-06-05 17:56:37.414844,3375.06,42591,89
2025-06-05 17:56:42.414844,3380.06,42654,90
2025-06-05 17:56:47.414844,3385.06,42717,89
2025-06-05 17:56:52.414844,3390.06,42780,88
2025-06-05 17:56:57.414844,3395.06,42843,87
2025-06-05 17:57:02.414844,3400.06,42906,87
2025-06-05 17:57:07.414844,3405.06,42969,86
2025-06-05 17:57:12.414844,3410.06,43032,86
2025-06-05 17:57:17.414844,3415.06,43095,87
2025-06-05 17:57:22.414844,3420.06,43158,86
2025-06-05 17:57:27.414844,3425.06,43221,87
2025-06-05 17:57:32.414844,3430.06,43284,86
2025-06-05 17:57:37.414844,3435.06,43347,87
2025-06-05 17:57:42.414844,3440.06,43410,86
2025-06-05 17:57:47.414844,3445.06,43473,85
2025-06-05 17:57:52.414844,3450.06,43536,86
2025-06-05 17:57:57.414844,3455.06,43599,86
2025-06-05 17:58:02.414844,3460.06,43662,87
2025-06-05 17:58:07.414844,3465.06,43725,88
2025-06-05 17:58:12.414844,3470.06,43788,87
2025-06-05 17:58:17.414844,3475.06,43851,88
2025-06-05 17:58:22.414844,3480.06,43914,87
2025-06-05 17:58:27.414844,3485.06,43977,87
2025-06-05 17:58:32.414844,3490.06,44040,88
2025-06-05 17:58:37.414844,3495.06,44103,89
2025-06-05 17:58:42.414844,3500.06,44166,89
2025-06-05 17:58:47.414844,3505.06,44229,89
2025-06-05 17:58:52.414844,3510.06,44292,89
2025-06-05 17:58:57.414844,3515.06,44355,89
2025-06-05 17:59:02.414844,3520.06,44418,90
2025-06-05 17:59:07.414844,3525.06,44481,90
2025-06-05 17:59:12.414844,3530.06,44544,90
2025-06-05 17:59:17.414844,3535.06,44607,90
2025-06-05 17:59:22.414844,3540.06,44670,90
2025-06-05 17:59:27.414844,3545.06,44733,90
2025-06-05 17:59:32.414844,3550.06,44796,90
2025-06-05 17:59:37.414844,3555.06,44859,89
2025-06-05 17:59:42.414844,3560.06,44922,88
2025-06-05 17:59:47.414844,3565.06,44985,87
2025-06-05 17:59:52.414844,3570.06,45048,88
2025-06-05 17:59:57.414844,3575.06,45111,87
2025-06-05 18:00:02.414844,3580.06,45174,87
2025-06-05 18:00:07.414844,3585.06,45237,88
2025-06-05 18:00:12.414844,3590.06,45300,88
2025-06-05 18:00:17.414844,3595.06,45363,87
2025-06-05 18:00:22.414844,3600.06,45426,87
2025-06-05 18:00:27.414844,3605.06,45489,87
2025-06-05 18:00:32.414844,3610.06,45552,88
2025-06-05 18:00:37.414844,3615.06,45615,87
2025-06-05 18:00:42.414844,3620.06,45678,87
2025-06-05 18:00:47.414844,3625.06,45741,87
2025-06-05 18:00:52.414844,3630.06,45804,86
2025-06-05 18:00:57.414844,3635.06,45867,87
2025-06-05 18:01:02.414844,3640.06,45930,88
2025-06-05 18:01:07.414844,3645.06,45993,89
2025-06-05 18:01:12.414844,3650.06,46056,88
2025-06-05 18:01:17.414844,3655.06,46119,87
2025-06-05 18:01:22.414844,3660.06,46182,87
2025-06-05 18:01:27.414844,3665.06,46245,86
2025-06-05 18:01:32.414844,3670.06,46308,86
2025-06-05 18:01:37.414844,3675.06,46371,86
2025-06-05 18:01:42.414844,3680.06,46434,86
2025-06-05 18:01:47.414844,3685.06,46497,85
2025-06-05 18:01:52.414844,3690.06,46560,86
2025-06-05 18:01:57.414844,3695.06,46623,87
2025-06-05 18:02:02.414844,3700.06,46686,86
2025-06-05 18:02:07.414844,3705.06,46749,85
2025-06-05 18:02:12.414844,3710.06,46812,85
2025-06-05 18:02:17.414844,3715.06,46875,86
2025-06-05 18:02:22.414844,3720.06,46938,86
2025-06-05 18:02:27.414844,3725.06,47001,85
2025-06-05 18:02:32.414844,3730.06,47064,85
2025-06-05 18:02:37.414844,3735.06,47127,86
2025-06-05 18:02:42.414844,3740.06,47190,86
2025-06-05 18:02:47.414844,3745.06,47253,87
2025-06-05 18:02:52.414844,3750.06,47316,86
2025-06-05 18:02:57.414844,3755.06,47379,85
2025-06-05 18:03:02.414844,3760.06,47442,84
2025-06-05 18:03:07.414844,3765.06,47505,84
2025-06-05 18:03:12.414844,3770.06,47568,84
2025-06-05 18:03:17.414844,3775.06,47631,84
2025-06-05 18:03:22.414844,3780.06,47694,84
2025-06-05 18:03:27.414844,3785.06,47757,83
2025-06-05 18:03:32.414844,3790.06,47820,83
2025-06-05 18:03:37.414844,3795.06,47883,84
2025-06-05 18:03:42.414844,3800.06,47946,83
2025-06-05 18:03:47.414844,3805.06,48009,84
2025-06-05 18:03:52.414844,3810.06,48072,85
2025-06-05 18:03:57.414844,3815.06,48135,84
2025-06-05 18:04:02.414844,3820.06,48198,85
2025-06-05 18:04:07.414844,3825.06,48261,86
2025-06-05 18:04:12.414844,3830.06,48324,85
2025-06-05 18:04:17.414844,3835.06,48387,86
2025-06-05 18:04:22.414844,3840.06,48450,87
2025-06-05 18:04:27.414844,3845.06,48513,87
2025-06-05 18:04:32.414844,3850.06,48576,87
2025-06-05 18:04:37.414844,3855.06,48639,87
2025-06-05 18:04:42.414844,3860.06,48702,87
2025-06-05 18:04:47.414844,3865.06,48765,86
2025-06-05 18:04:52.414844,3870.06,48828,87
2025-06-05 18:04:57.414844,3875.06,48891,88
2025-06-05 18:05:02.414844,3880.06,48954,88
2025-06-05 18:05:07.414844,3885.06,49017,88
2025-06-05 18:05:12.414844,3890.06,49080,87
2025-06-05 18:05:17.414844,3895.06,49143,88
2025-06-05 18:05:22.414844,3900.06,49206,88
2025-06-05 18:05:27.414844,3905.06,49269,88
2025-06-05 18:05:32.414844,3910.06,49332,88
2025-06-05 18:05:37.414844,3915.06,49395,89
2025-06-05 18:05:42.414844,3920.06,49458,90
2025-06-05 18:05:47.414844,3925.06,49521,90
2025-06-05 18:05:52.414844,3930.06,49584,90
2025-06-05 18:05:57.414844,3935.06,49647,89
2025-06-05 18:06:02.414844,3940.06,49710,88
2025-06-05 18:06:07.414844,3945.06,49773,87
2025-06-05 18:06:12.414844,3950.06,49836,87
2025-06-05 18:06:17.414844,3955.06,49899,86
2025-06-05 18:06:22.414844,3960.06,49962,85
2025-06-05 18:06:27.414844,3965.06,50025,85
2025-06-05 18:06:32.414844,3970.06,50088,84
2025-06-05 18:06:37.414844,3975.06,50151,85
2025-06-05 18:06:42.414844,3980.06,50214,84
2025-06-05 18:06:47.414844,3985.06,50277,84
2025-06-05 18:06:52.414844,3990.06,50340,83
2025-06-05 18:06:57.414844,3995.06,50403,83
2025-06-05 18:07:02.414844,4000.06,50466,83
2025-06-05 18:07:07.414844,4005.06,50529,84
2025-06-05 18:07:12.414844,4010.06,50592,83
2025-06-05 18:07:17.414844,4015.06,50655,84
2025-06-05 18:07:22.414844,4020.06,50718,83
2025-06-05 18:07:27.414844,4025.06,50781,83
2025-06-05 18:07:32.414844,4030.06,50844,84
2025-06-05 18:07:37.414844,4035.06,50907,84
2025-06-05 18:07:42.414844,4040.06,50970,85
2025-06-05 18:07:47.414844,4045.06,51033,86
2025-06-05 18:07:52.414844,4050.06,51096,85
2025-06-05 18:07:57.414844,4055.06,51159,85
2025-06-05 18:08:02.414844,4060.06,51222,85
2025-06-05 18:08:07.414844,4065.06,51285,84
2025-06-05 18:08:12.414844,4070.06,51348,85
2025-06-05 18:08:17.414844,4075.06,51411,86
2025-06-05 18:08:22.414844,4080.06,51474,87
2025-06-05 18:08:27.414844,4085.06,51537,87
2025-06-05 18:08:32.414844,4090.06,51600,87
2025-06-05 18:08:37.414844,4095.06,51663,87
2025-06-05 18:08:42.414844,4100.06,51726,86
2025-06-05 18:08:47.414844,4105.06,51789,86
2025-06-05 18:08:52.414844,4110.06,51852,85
2025-06-05 18:08:57.414844,4115.06,51915,86
2025-06-05 18:09:02.414844,4120.06,51978,85
2025-06-05 18:09:07.414844,4125.06,52041,86
2025-06-05 18:09:12.414844,4130.06,52104,86
2025-06-05 18:09:17.414844,4135.06,52167,85
2025-06-05 18:09:22.414844,4140.06,52230,84
2025-06-05 18:09:27.414844,4145.06,52293,83
2025-06-05 18:09:32.414844,4150.06,52356,82
2025-06-05 18:09:37.414844,4155.06,52419,81
2025-06-05 18:09:42.414844,4160.06,52482,80
2025-06-05 18:09:47.414844,4165.06,52545,81
2025-06-05 18:09:52.414844,4170.06,52608,82
2025-06-05 18:09:57.414844,4175.06,52671,81
2025-06-05 18:10:02.414844,4180.06,52734,82
2025-06-05 18:10:07.414844,4185.06,52797,81
2025-06-05 18:10:12.414844,4190.06,52860,82
2025-06-05 18:10:17.414844,4195.06,52923,83
2025-06-05 18:10:22.414844,4200.06,52986,82
2025-06-05 18:10:27.414844,4205.06,53049,81
2025-06-05 18:10:32.414844,4210.06,53112,82
2025-06-05 18:10:37.414844,4215.06,53175,83
2025-06-05 18:10:42.414844,4220.06,53238,82
2025-06-05 18:10:47.414844,4225.06,53301,82
2025-06-05 18:10:52.414844,4230.06,53364,81
2025-06-05 18:10:57.414844,4235.06,53427,81
2025-06-05 18:11:02.414844,4240.06,53490,82
2025-06-05 18:11:07.414844,4245.06,53553,82
2025-06-05 18:11:12.414844,4250.06,53616,81
2025-06-05 18:11:17.414844,4255.06,53679,80
2025-06-05 18:11:22.414844,4260.06,53742,81
2025-06-05 18:11:27.414844,4265.06,53805,81
2025-06-05 18:11:32.414844,4270.06,53868,82
2025-06-05 18:11:37.414844,4275.06,53931,82
2025-06-05 18:11:42.414844,4280.06,53994,83
2025-06-05 18:11:47.414844,4285.06,54057,83
2025-06-05 18:11:52.414844,4290.06,54120,82
2025-06-05 18:11:57.414844,4295.06,54183,83
2025-06-05 18:12:02.414844,4300.06,54246,84
2025-06-05 18:12:07.414844,4305.06,54309,84
2025-06-05 18:12:12.414844,4310.06,54372,85
2025-06-05 18:12:17.414844,4315.06,54435,84
2025-06-05 18:12:22.414844,4320.06,54498,84
2025-06-05 18:12:27.414844,4325.06,54561,83
2025-06-05 18:12:32.414844,4330.06,54624,83
2025-06-05 18:12:37.414844,4335.06,54687,82
2025-06-05 18:12:42.414844,4340.06,54750,82
2025-06-05 18:12:47.414844,4345.06,54813,83
2025-06-05 18:12:52.414844,4350.06,54876,82
2025-06-05 18:12:57.414844,4355.06,54939,81
2025-06-05 18:13:02.414844,4360.06,55002,82
2025-06-05 18:13:07.414844,4365.06,55065,81
2025-06-05 18:13:12.414844,4370.06,55128,81
2025-06-05 18:13:17.414844,4375.06,55191,80
2025-06-05 18:13:22.414844,4380.06,55254,80
2025-06-05 18:13:27.414844,4385.06,55317,79
2025-06-05 18:13:32.414844,4390.06,55380,78
2025-06-05 18:13:37.414844,4395.06,55443,77
2025-06-05 18:13:42.414844,4400.06,55506,77
2025-06-05 18:13:47.414844,4405.06,55569,77
2025-06-05 18:13:52.414844,4410.06,55632,76
2025-06-05 18:13:57.414844,4415.06,55695,76
2025-06-05 18:14:02.414844,4420.06,55758,75
2025-06-05 18:14:07.414844,4425.06,55821,74
2025-06-05 18:14:12.414844,4430.06,55884,73
2025-06-05 18:14:17.414844,4435.06,55947,73
2025-06-05 18:14:22.414844,4440.06,56010,72
2025-06-05 18:14:27.414844,4445.06,56073,73
2025-06-05 18:14:32.414844,4450.06,56136,74
2025-06-05 18:14:37.414844,4455.06,56199,73
2025-06-05 18:14:42.414844,4460.06,56262,73
2025-06-05 18:14:47.414844,4465.06,56325,73
2025-06-05 18:14:52.414844,4470.06,56388,72
2025-06-05 18:14:57.414844,4475.06,56451,71
2025-06-05 18:15:02.414844,4480.06,56514,72
2025-06-05 18:15:07.414844,4485.06,56577,73
2025-06-05 18:15:12.414844,4490.06,56640,73
2025-06-05 18:15:17.414844,4495.06,56703,74
2025-06-05 18:15:22.414844,4500.06,56766,74
2025-06-05 18:15:27.414844,4505.06,56829,75
2025-06-05 18:15:32.414844,4510.06,56892,75
2025-06-05 18:15:37.414844,4515.06,56955,76
2025-06-05 18:15:42.414844,4520.06,57018,77
2025-06-05 18:15:47.414844,4525.06,57081,76
2025-06-05 18:15:52.414844,4530.06,57144,77
2025-06-05 18:15:57.414844,4535.06,57207,77
2025-06-05 18:16:02.414844,4540.06,57270,78
2025-06-05 18:16:07.414844,4545.06,57333,79
2025-06-05 18:16:12.414844,4550.06,57396,78
2025-06-05 18:16:17.414844,4555.06,57459,77
2025-06-05 18:16:22.414844,4560.06,57522,77
2025-06-05 18:16:27.414844,4565.06,57585,77
2025-06-05 18:16:32.414844,4570.06,57648,77
2025-06-05 18:16:37.414844,4575.06,57711,76
2025-06-05 18:16:42.414844,4580.06,57774,75
2025-06-05 18:16:47.414844,4585.06,57837,74
2025-06-05 18:16:52.414844,4590.06,57900,75
2025-06-05 18:16:57.414844,4595.06,57963,76
2025-06-05 18:17:02.414844,4600.06,58026,76
2025-06-05 18:17:07.414844,4605.06,58089,77
2025-06-05 18:17:12.414844,4610.06,58152,78
2025-06-05 18:17:17.414844,4615.06,58215,78
2025-06-05 18:17:22.414844,4620.06,58278,78
2025-06-05 18:17:27.414844,4625.06,58341,78
2025-06-05 18:17:32.414844,4630.06,58404,77
2025-06-05 18:17:37.414844,4635.06,58467,77
2025-06-05 18:17:42.414844,4640.06,58530,76
2025-06-05 18:17:47.414844,4645.06,58593,77
2025-06-05 18:17:52.414844,4650.06,58656,78
2025-06-05 18:17:57.414844,4655.06,58719,79
2025-06-05 18:18:02.414844,4660.06,58782,80
2025-06-05 18:18:07.414844,4665.06,58845,80
2025-06-05 18:18:12.414844,4670.06,58908,79
2025-06-05 18:18:17.414844,4675.06,58971,78
2025-06-05 18:18:22.414844,4680.06,59034,78
2025-06-05 18:18:27.414844,4685.06,59097,79
2025-06-05 18:18:32.414844,4690.06,59160,80
2025-06-05 18:18:37.414844,4695.06,59223,80
2025-06-05 18:18:42.414844,4700.06,59286,81
2025-06-05 18:18:47.414844,4705.06,59349,80
2025-06-05 18:18:52.414844,4710.06,59412,80
2025-06-05 18:18:57.414844,4715.06,59475,80
2025-06-05 18:19:02.414844,4720.06,59538,79
2025-06-05 18:19:07.414844,4725.06,59601,78
2025-06-05 18:19:12.414844,4730.06,59664,77
2025-06-05 18:19:17.414844,4735.06,59727,76
2025-06-05 18:19:22.414844,4740.06,59790,75
2025-06-05 18:19:27.414844,4745.06,59853,75
2025-06-05 18:19:32.414844,4750.06,59916,75
2025-06-05 18:19:37.414844,4755.06,59979,76
2025-06-05 18:19:42.414844,4760.06,60042,76
2025-06-05 18:19:47.414844,4765.06,60105,75
2025-06-05 18:19:52.414844,4770.06,60168,75
2025-06-05 18:19:57.414844,4775.06,60231,75
2025-06-05 18:20:02.414844,4780.06,60294,75
2025-06-05 18:20:07.414844,4785.06,60357,75
2025-06-05 18:20:12.414844,4790.06,60420,75
2025-06-05 18:20:17.414844,4795.06,60483,76
2025-06-05 18:20:22.414844,4800.06,60546,76
2025-06-05 18:20:27.414844,4805.06,60609,76
2025-06-05 18:20:32.414844,4810.06,60672,77
2025-06-05 18:20:37.414844,4815.06,60735,78
2025-06-05 18:20:42.414844,4820.06,60798,78
2025-06-05 18:20:47.414844,4825.06,60861,79
2025-06-05 18:20:52.414844,4830.06,60924,78
2025-06-05 18:20:57.414844,4835.06,60987,79
2025-06-05 18:21:02.414844,4840.06,61050,78
2025-06-05 18:21:07.414844,4845.06,61113,79
2025-06-05 18:21:12.414844,4850.06,61176,80
2025-06-05 18:21:17.414844,4855.06,61239,80
2025-06-05 18:21:22.414844,4860.06,61302,81
2025-06-05 18:21:27.414844,4865.06,61365,82
2025-06-05 18:21:32.414844,4870.06,61428,83
2025-06-05 18:21:37.414844,4875.06,61491,83
2025-06-05 18:21:42.414844,4880.06,61554,83
2025-06-05 18:21:47.414844,4885.06,61617,84
2025-06-05 18:21:52.414844,4890.06,61680,85
2025-06-05 18:21:57.414844,4895.06,61743,86
2025-06-05 18:22:02.414844,4900.06,61806,87
2025-06-05 18:22:07.414844,4905.06,61869,88
2025-06-05 18:22:12.414844,4910.06,61932,88
2025-06-05 18:22:17.414844,4915.06,61995,89
2025-06-05 18:22:22.414844,4920.06,62058,88
2025-06-05 18:22:27.414844,4925.06,62121,89
2025-06-05 18:22:32.414844,4930.06,62184,90
2025-06-05 18:22:37.414844,4935.06,62247,90
2025-06-05 18:22:42.414844,4940.06,62310,90
2025-06-05 18:22:47.414844,4945.06,62373,90
2025-06-05 18:22:52.414844,4950.06,62436,89
2025-06-05 18:22:57.414844,4955.06,62499,90
2025-06-05 18:23:02.414844,4960.06,62562,89
2025-06-05 18:23:07.414844,4965.06,62625,88
2025-06-05 18:23:12.414844,4970.06,62688,89
2025-06-05 18:23:17.414844,4975.06,62751,88
2025-06-05 18:23:22.414844,4980.06,62814,89
2025-06-05 18:23:27.414844,4985.06,62877,90
2025-06-05 18:23:32.414844,4990.06,62940,90
2025-06-05 18:23:37.414844,4995.06,63003,89
2025-06-05 18:23:42.414844,5000.06,63066,90
2025-06-05 18:23:47.414844,5005.06,63129,89
2025-06-05 18:23:52.414844,5010.06,63192,90
2025-06-05 18:23:57.414844,5015.06,63255,90
2025-06-05 18:24:02.414844,5020.06,63318,89
2025-06-05 18:24:07.414844,5025.06,63381,88
2025-06-05 18:24:12.414844,5030.06,63444,88
2025-06-05 18:24:17.414844,5035.06,63507,87
2025-06-05 18:24:22.414844,5040.06,63570,86
2025-06-05 18:24:27.414844,5045.06,63633,87
2025-06-05 18:24:32.414844,5050.06,63696,88
2025-06-05 18:24:37.414844,5055.06,63759,89
2025-06-05 18:24:42.414844,5060.06,63822,89
2025-06-05 18:24:47.414844,5065.06,63885,88
2025-06-05 18:24:52.414844,5070.06,63948,89
2025-06-05 18:24:57.414844,5075.06,64011,88
2025-06-05 18:25:02.414844,5080.06,64074,87
2025-06-05 18:25:07.414844,5085.06,64137,86
2025-06-05 18:25:12.414844,5090.06,64200,86
2025-06-05 18:25:17.414844,5095.06,64263,86
2025-06-05 18:25:22.414844,5100.06,64326,87
2025-06-05 18:25:27.414844,5105.06,64389,88
2025-06-05 18:25:32.414844,5110.06,64452,88
2025-06-05 18:25:37.414844,5115.06,64515,89
2025-06-05 18:25:42.414844,5120.06,64578,89
2025-06-05 18:25:47.414844,5125.06,64641,89
2025-06-05 18:25:52.414844,5130.06,64704,88
2025-06-05 18:25:57.414844,5135.06,64767,87
2025-06-05 18:26:02.414844,5140.06,64830,88
2025-06-05 18:26:07.414844,5145.06,64893,88
2025-06-05 18:26:12.414844,5150.06,64956,87
2025-06-05 18:26:17.414844,5155.06,65019,88
2025-06-05 18:26:22.414844,5160.06,65082,88
2025-06-05 18:26:27.414844,5165.06,65145,87
2025-06-05 18:26:32.414844,5170.06,65208,87
2025-06-05 18:26:37.414844,5175.06,65271,86
2025-06-05 18:26:42.414844,5180.06,65334,85
2025-06-05 18:26:47.414844,5185.06,65397,86
2025-06-05 18:26:52.414844,5190.06,65460,85
2025-06-05 18:26:57.414844,5195.06,65523,84
2025-06-05 18:27:02.414844,5200.06,65586,83
2025-06-05 18:27:07.414844,5205.06,65649,83
2025-06-05 18:27:12.414844,5210.06,65712,83
2025-06-05 18:27:17.414844,5215.06,65775,84
2025-06-05 18:27:22.414844,5220.06,65838,83
2025-06-05 18:27:27.414844,5225.06,65901,83
2025-06-05 18:27:32.414844,5230.06,65964,82
2025-06-05 18:27:37.414844,5235.06,66027,83
2025-06-05 18:27:42.414844,5240.06,66090,84
2025-06-05 18:27:47.414844,5245.06,66153,85
2025-06-05 18:27:52.414844,5250.06,66216,85
2025-06-05 18:27:57.414844,5255.06,66279,86
2025-06-05 18:28:02.414844,5260.06,66342,86
2025-06-05 18:28:07.414844,5265.06,66405,87
2025-06-05 18:28:12.414844,5270.06,66468,87
2025-06-05 18:28:17.414844,5275.06,66531,88
2025-06-05 18:28:22.414844,5280.06,66594,88
2025-06-05 18:28:27.414844,5285.06,66657,87
2025-06-05 18:28:32.414844,5290.06,66720,87
2025-06-05 18:28:37.414844,5295.06,66783,88
2025-06-05 18:28:42.414844,5300.06,66846,88
2025-06-05 18:28:47.414844,5305.06,66909,88
2025-06-05 18:28:52.414844,5310.06,66972,88
2025-06-05 18:28:57.414844,5315.06,67035,89
2025-06-05 18:29:02.414844,5320.06,67098,90
2025-06-05 18:29:07.414844,5325.06,67161,90
2025-06-05 18:29:12.414844,5330.06,67224,89
2025-06-05 18:29:17.414844,5335.06,67287,89
2025-06-05 18:29:22.414844,5340.06,67350,90
2025-06-05 18:29:27.414844,5345.06,67413,89
2025-06-05 18:29:32.414844,5350.06,67476,88
2025-06-05 18:29:37.414844,5355.06,67539,87
2025-06-05 18:29:42.414844,5360.06,67602,86
2025-06-05 18:29:47.414844,5365.06,67665,86
2025-06-05 18:29:52.414844,5370.06,67728,86
2025-06-05 18:29:57.414844,5375.06,67791,86
2025-06-05 18:30:02.414844,5380.06,67854,86
2025-06-05 18:30:07.414844,5385.06,67917,86
2025-06-05 18:30:12.414844,5390.06,67980,86
2025-06-05 18:30:17.414844,5395.06,68043,87
2025-06-05 18:30:22.414844,5400.06,68106,86
2025-06-05 18:30:27.414844,5405.06,68169,87
2025-06-05 18:30:32.414844,5410.06,68232,88
2025-06-05 18:30:37.414844,5415.06,68295,88
2025-06-05 18:30:42.414844,5420.06,68358,88
2025-06-05 18:30:47.414844,5425.06,68421,87
2025-06-05 18:30:52.414844,5430.06,68484,88
2025-06-05 18:30:57.414844,5435.06,68547,88
2025-06-05 18:31:02.414844,5440.06,68610,87
2025-06-05 18:31:07.414844,5445.06,68673,86
2025-06-05 18:31:12.414844,5450.06,68736,85
2025-06-05 18:31:17.414844,5455.06,68799,85
2025-06-05 18:31:22.414844,5460.06,68862,85
2025-06-05 18:31:27.414844,5465.06,68925,84
2025-06-05 18:31:32.414844,5470.06,68988,85
2025-06-05 18:31:37.414844,5475.06,69051,84
2025-06-05 18:31:42.414844,5480.06,69114,85
2025-06-05 18:31:47.414844,5485.06,69177,85
2025-06-05 18:31:52.414844,5490.06,69240,84
2025-06-05 18:31:57.414844,5495.06,69303,83
2025-06-05 18:32:02.414844,5500.06,69366,83
2025-06-05 18:32:07.414844,5505.06,69429,83
2025-06-05 18:32:12.414844,5510.06,69492,84
2025-06-05 18:32:17.414844,5515.06,69555,83
2025-06-05 18:32:22.414844,5520.06,69618,84
2025-06-05 18:32:27.414844,5525.06,69681,83
2025-06-05 18:32:32.414844,5530.06,69744,82
2025-06-05 18:32:37.414844,5535.06,69807,81
2025-06-05 18:32:42.414844,5540.06,69870,80
2025-06-05 18:32:47.414844,5545.06,69933,81
2025-06-05 18:32:52.414844,5550.06,69996,81
2025-06-05 18:32:57.414844,5555.06,70059,82
2025-06-05 18:33:02.414844,5560.06,70122,81
2025-06-05 18:33:07.414844,5565.06,70185,82
2025-06-05 18:33:12.414844,5570.06,70248,82
2025-06-05 18:33:17.414844,5575.06,70311,82
2025-06-05 18:33:22.414844,5580.06,70374,83
2025-06-05 18:33:27.414844,5585.06,70437,84
2025-06-05 18:33:32.414844,5590.06,70500,84
2025-06-05 18:33:37.414844,5595.06,70563,83
2025-06-05 18:33:42.414844,5600.06,70626,83
2025-06-05 18:33:47.414844,5605.06,70689,83
2025-06-05 18:33:52.414844,5610.06,70752,84
2025-06-05 18:33:57.414844,5615.06,70815,84
2025-06-05 18:34:02.414844,5620.06,70878,83
2025-06-05 18:34:07.414844,5625.06,70941,84
2025-06-05 18:34:12.414844,5630.06,71004,83
2025-06-05 18:34:17.414844,5635.06,71067,82
2025-06-05 18:34:22.414844,5640.06,71130,82
2025-06-05 18:34:27.414844,5645.06,71193,83
2025-06-05 18:34:32.414844,5650.06,71256,84
2025-06-05 18:34:37.414844,5655.06,71319,83
2025-06-05 18:34:42.414844,5660.06,71382,82
2025-06-05 18:34:47.414844,5665.06,71445,83
2025-06-05 18:34:52.414844,5670.06,71508,83
2025-06-05 18:34:57.414844,5675.06,71571,83
2025-06-05 18:35:02.414844,5680.06,71634,82
2025-06-05 18:35:07.414844,5685.06,71697,83
2025-06-05 18:35:12.414844,5690.06,71760,83
2025-06-05 18:35:17.414844,5695.06,71823,84
2025-06-05 18:35:22.414844,5700.06,71886,84
2025-06-05 18:35:27.414844,5705.06,71949,83
2025-06-05 18:35:32.414844,5710.06,72012,82
2025-06-05 18:35:37.414844,5715.06,72075,83
2025-06-05 18:35:42.414844,5720.06,72138,82
2025-06-05 18:35:47.414844,5725.06,72201,83
2025-06-05 18:35:52.414844,5730.06,72264,82
2025-06-05 18:35:57.414844,5735.06,72327,83
2025-06-05 18:36:02.414844,5740.06,72390,84
2025-06-05 18:36:07.414844,5745.06,72453,84
2025-06-05 18:36:12.414844,5750.06,72516,84
2025-06-05 18:36:17.414844,5755.06,72579,83
2025-06-05 18:36:22.414844,5760.06,72642,82
2025-06-05 18:36:27.414844,5765.06,72705,81
2025-06-05 18:36:32.414844,5770.06,72768,82
2025-06-05 18:36:37.414844,5775.06,72831,82
2025-06-05 18:36:42.414844,5780.06,72894,81
2025-06-05 18:36:47.414844,5785.06,72957,81
2025-06-05 18:36:52.414844,5790.06,73020,80
2025-06-05 18:36:57.414844,5795.06,73083,80
2025-06-05 18:37:02.414844,5800.06,73146,81
2025-06-05 18:37:07.414844,5805.06,73209,80
2025-06-05 18:37:12.414844,5810.06,73272,81
2025-06-05 18:37:17.414844,5815.06,73335,82
2025-06-05 18:37:22.414844,5820.06,73398,81
2025-06-05 18:37:27.414844,5825.06,73461,82
2025-06-05 18:37:32.414844,5830.06,73524,82
2025-06-05 18:37:37.414844,5835.06,73587,83
2025-06-05 18:37:42.414844,5840.06,73650,84
2025-06-05 18:37:47.414844,5845.06,73713,83
2025-06-05 18:37:52.414844,5850.06,73776,82
2025-06-05 18:37:57.414844,5855.06,73839,81
2025-06-05 18:38:02.414844,5860.06,73902,80
2025-06-05 18:38:07.414844,5865.06,73965,81
2025-06-05 18:38:12.414844,5870.06,74028,80
2025-06-05 18:38:17.414844,5875.06,74091,80
2025-06-05 18:38:22.414844,5880.06,74154,80
2025-06-05 18:38:27.414844,5885.06,74217,79
2025-06-05 18:38:32.414844,5890.06,74280,80
2025-06-05 18:38:37.414844,5895.06,74343,79
2025-06-05 18:38:42.414844,5900.06,74406,78
2025-06-05 18:38:47.414844,5905.06,74469,78
2025-06-05 18:38:52.414844,5910.06,74532,77
2025-06-05 18:38:57.414844,5915.06,74595,76
2025-06-05 18:39:02.414844,5920.06,74658,77
2025-06-05 18:39:07.414844,5925.06,74721,77
2025-06-05 18:39:12.414844,5930.06,74784,78
2025-06-05 18:39:17.414844,5935.06,74847,79
2025-06-05 18:39:22.414844,5940.06,74910,79
2025-06-05 18:39:27.414844,5945.06,74973,80
2025-06-05 18:39:32.414844,5950.06,75036,79
2025-06-05 18:39:37.414844,5955.06,75099,79
2025-06-05 18:39:42.414844,5960.06,75162,80
2025-06-05 18:39:47.414844,5965.06,75225,80
2025-06-05 18:39:52.414844,5970.06,75288,79
2025-06-05 18:39:57.414844,5975.06,75351,79
2025-06-05 18:40:02.414844,5980.06,75414,80
2025-06-05 18:40:07.414844,5985.06,75477,79
2025-06-05 18:40:12.414844,5990.06,75540,78
2025-06-05 18:40:17.414844,5995.06,75603,79
2025-06-05 18:40:22.414844,6000.06,75666,80
2025-06-05 18:40:27.414844,6005.06,75729,81
2025-06-05 18:40:32.414844,6010.06,75792,81
2025-06-05 18:40:37.414844,6015.06,75855,81
2025-06-05 18:40:42.414844,6020.06,75918,81
2025-06-05 18:40:47.414844,6025.06,75981,81
2025-06-05 18:40:52.414844,6030.06,76044,82
2025-06-05 18:40:57.414844,6035.06,76107,81
2025-06-05 18:41:02.414844,6040.06,76170,82
2025-06-05 18:41:07.414844,6045.06,76233,81
2025-06-05 18:41:12.414844,6050.06,76296,80
2025-06-05 18:41:17.414844,6055.06,76359,80
2025-06-05 18:41:22.414844,6060.06,76422,80
2025-06-05 18:41:27.414844,6065.06,76485,81
2025-06-05 18:41:32.414844,6070.06,76548,81
2025-06-05 18:41:37.414844,6075.06,76611,80
2025-06-05 18:41:42.414844,6080.06,76674,81
2025-06-05 18:41:47.414844,6085.06,76737,80
2025-06-05 18:41:52.414844,6090.06,76800,80
2025-06-05 18:41:57.414844,6095.06,76863,81
2025-06-05 18:42:02.414844,6100.06,76926,82
2025-06-05 18:42:07.414844,6105.06,76989,83
2025-06-05 18:42:12.414844,6110.06,77052,83
2025-06-05 18:42:17.414844,6115.06,77115,84
2025-06-05 18:42:22.414844,6120.06,77178,83
2025-06-05 18:42:27.414844,6125.06,77241,82
2025-06-05 18:42:32.414844,6130.06,77304,82
2025-06-05 18:42:37.414844,6135.06,77367,83
2025-06-05 18:42:42.414844,6140.06,77430,84
2025-06-05 18:42:47.414844,6145.06,77493,85
2025-06-05 18:42:52.414844,6150.06,77556,85
2025-06-05 18:42:57.414844,6155.06,77619,85
2025-06-05 18:43:02.414844,6160.06,77682,85
2025-06-05 18:43:07.414844,6165.06,77745,85
2025-06-05 18:43:12.414844,6170.06,77808,86
2025-06-05 18:43:17.414844,6175.06,77871,85
2025-06-05 18:43:22.414844,6180.06,77934,86
2025-06-05 18:43:27.414844,6185.06,77997,87
2025-06-05 18:43:32.414844,6190.06,78060,87
2025-06-05 18:43:37.414844,6195.06,78123,88
2025-06-05 18:43:42.414844,6200.06,78186,89
2025-06-05 18:43:47.414844,6205.06,78249,90
2025-06-05 18:43:52.414844,6210.06,78312,90
2025-06-05 18:43:57.414844,6215.06,78375,90
2025-06-05 18:44:02.414844,6220.06,78438,90
2025-06-05 18:44:07.414844,6225.06,78501,90
2025-06-05 18:44:12.414844,6230.06,78564,90
2025-06-05 18:44:17.414844,6235.06,78627,89
2025-06-05 18:44:22.414844,6240.06,78690,88
2025-06-05 18:44:27.414844,6245.06,78753,88
2025-06-05 18:44:32.414844,6250.06,78816,87
2025-06-05 18:44:37.414844,6255.06,78879,88
2025-06-05 18:44:42.414844,6260.06,78942,87
2025-06-05 18:44:47.414844,6265.06,79005,86
2025-06-05 18:44:52.414844,6270.06,79068,87
2025-06-05 18:44:57.414844,6275.06,79131,88
2025-06-05 18:45:02.414844,6280.06,79194,87
2025-06-05 18:45:07.414844,6285.06,79257,86
2025-06-05 18:45:12.414844,6290.06,79320,87
2025-06-05 18:45:17.414844,6295.06,79383,88
2025-06-05 18:45:22.414844,6300.06,79446,88
2025-06-05 18:45:27.414844,6305.06,79509,88
2025-06-05 18:45:32.414844,6310.06,79572,88
2025-06-05 18:45:37.414844,6315.06,79635,88
2025-06-05 18:45:42.414844,6320.06,79698,87
2025-06-05 18:45:47.414844,6325.06,79761,88
2025-06-05 18:45:52.414844,6330.06,79824,88
2025-06-05 18:45:57.414844,6335.06,79887,89
2025-06-05 18:46:02.414844,6340.06,79950,88
2025-06-05 18:46:07.414844,6345.06,80013,88
2025-06-05 18:46:12.414844,6350.06,80076,89
2025-06-05 18:46:17.414844,6355.06,80139,88
2025-06-05 18:46:22.414844,6360.06,80202,87
2025-06-05 18:46:27.414844,6365.06,80265,86
2025-06-05 18:46:32.414844,6370.06,80328,87
2025-06-05 18:46:37.414844,6375.06,80391,88
2025-06-05 18:46:42.414844,6380.06,80454,88
2025-06-05 18:46:47.414844,6385.06,80517,88
2025-06-05 18:46:52.414844,6390.06,80580,87
2025-06-05 18:46:57.414844,6395.06,80643,87
2025-06-05 18:47:02.414844,6400.06,80706,86
2025-06-05 18:47:07.414844,6405.06,80769,87
2025-06-05 18:47:12.414844,6410.06,80832,86
2025-06-05 18:47:17.414844,6415.06,80895,86
2025-06-05 18:47:22.414844,6420.06,80958,87
2025-06-05 18:47:27.414844,6425.06,81021,86
2025-06-05 18:47:32.414844,6430.06,81084,87
2025-06-05 18:47:37.414844,6435.06,81147,86
2025-06-05 18:47:42.414844,6440.06,81210,85
2025-06-05 18:47:47.414844,6445.06,81273,86
2025-06-05 18:47:52.414844,6450.06,81336,85
2025-06-05 18:47:57.414844,6455.06,81399,86
2025-06-05 18:48:02.414844,6460.06,81462,86
2025-06-05 18:48:07.414844,6465.06,81525,87
2025-06-05 18:48:12.414844,6470.06,81588,87
2025-06-05 18:48:17.414844,6475.06,81651,88
2025-06-05 18:48:22.414844,6480.06,81714,87
2025-06-05 18:48:27.414844,6485.06,81777,87
2025-06-05 18:48:32.414844,6490.06,81840,86
2025-06-05 18:48:37.414844,6495.06,81903,86
2025-06-05 18:48:42.414844,6500.06,81966,86
2025-06-05 18:48:47.414844,6505.06,82029,87
2025-06-05 18:48:52.414844,6510.06,82092,86
2025-06-05 18:48:57.414844,6515.06,82155,86
2025-06-05 18:49:02.414844,6520.06,82218,86
2025-06-05 18:49:07.414844,6525.06,82281,87
2025-06-05 18:49:12.414844,6530.06,82344,87
2025-06-05 18:49:17.414844,6535.06,82407,87
2025-06-05 18:49:22.414844,6540.06,82470,86
2025-06-05 18:49:27.414844,6545.06,82533,85
2025-06-05 18:49:32.414844,6550.06,82596,86
2025-06-05 18:49:37.414844,6555.06,82659,85
2025-06-05 18:49:42.414844,6560.06,82722,86
2025-06-05 18:49:47.414844,6565.06,82785,87
2025-06-05 18:49:52.414844,6570.06,82848,86
2025-06-05 18:49:57.414844,6575.06,82911,86
2025-06-05 18:50:02.414844,6580.06,82974,86
2025-06-05 18:50:07.414844,6585.06,83037,85
2025-06-05 18:50:12.414844,6590.06,83100,85
2025-06-05 18:50:17.414844,6595.06,83163,85
2025-06-05 18:50:22.414844,6600.06,83226,86
2025-06-05 18:50:27.414844,6605.06,83289,85
2025-06-05 18:50:32.414844,6610.06,83352,86
2025-06-05 18:50:37.414844,6615.06,83415,86
2025-06-05 18:50:42.414844,6620.06,83478,87
2025-06-05 18:50:47.414844,6625.06,83541,87
2025-06-05 18:50:52.414844,6630.06,83604,87
2025-06-05 18:50:57.414844,6635.06,83667,88
2025-06-05 18:51:02.414844,6640.06,83730,87
2025-06-05 18:51:07.414844,6645.06,83793,88
2025-06-05 18:51:12.414844,6650.06,83856,88
2025-06-05 18:51:17.414844,6655.06,83919,87
2025-06-05 18:51:22.414844,6660.06,83982,87
2025-06-05 18:51:27.414844,6665.06,84045,87
2025-06-05 18:51:32.414844,6670.06,84108,87
2025-06-05 18:51:37.414844,6675.06,84171,86
2025-06-05 18:51:42.414844,6680.06,84234,87
2025-06-05 18:51:47.414844,6685.06,84297,86
2025-06-05 18:51:52.414844,6690.06,84360,86
2025-06-05 18:51:57.414844,6695.06,84423,86
2025-06-05 18:52:02.414844,6700.06,84486,87
2025-06-05 18:52:07.414844,6705.06,84549,88
2025-06-05 18:52:12.414844,6710.06,84612,88
2025-06-05 18:52:17.414844,6715.06,84675,88
2025-06-05 18:52:22.414844,6720.06,84738,88
2025-06-05 18:52:27.414844,6725.06,84801,89
2025-06-05 18:52:32.414844,6730.06,84864,88
2025-06-05 18:52:37.414844,6735.06,84927,88
2025-06-05 18:52:42.414844,6740.06,84990,87
2025-06-05 18:52:47.414844,6745.06,85053,88
2025-06-05 18:52:52.414844,6750.06,85116,89
2025-06-05 18:52:57.414844,6755.06,85179,89
2025-06-05 18:53:02.414844,6760.06,85242,88
2025-06-05 18:53:07.414844,6765.06,85305,89
2025-06-05 18:53:12.414844,6770.06,85368,88
2025-06-05 18:53:17.414844,6775.06,85431,89
2025-06-05 18:53:22.414844,6780.06,85494,89
2025-06-05 18:53:27.414844,6785.06,85557,90
2025-06-05 18:53:32.414844,6790.06,85620,90
2025-06-05 18:53:37.414844,6795.06,85683,90
2025-06-05 18:53:42.414844,6800.06,85746,90
2025-06-05 18:53:47.414844,6805.06,85809,89
2025-06-05 18:53:52.414844,6810.06,85872,88
2025-06-05 18:53:57.414844,6815.06,85935,87
2025-06-05 18:54:02.414844,6820.06,85998,87
2025-06-05 18:54:07.414844,6825.06,86061,87
2025-06-05 18:54:12.414844,6830.06,86124,86
2025-06-05 18:54:17.414844,6835.06,86187,86
2025-06-05 18:54:22.414844,6840.06,86250,86
2025-06-05 18:54:27.414844,6845.06,86313,86
2025-06-05 18:54:32.414844,6850.06,86376,86
2025-06-05 18:54:37.414844,6855.06,86439,86
2025-06-05 18:54:42.414844,6860.06,86502,85
2025-06-05 18:54:47.414844,6865.06,86565,84
2025-06-05 18:54:52.414844,6870.06,86628,83
2025-06-05 18:54:57.414844,6875.06,86691,82
2025-06-05 18:55:02.414844,6880.06,86754,82
2025-06-05 18:55:07.414844,6885.06,86817,82
2025-06-05 18:55:12.414844,6890.06,86880,83
2025-06-05 18:55:17.414844,6895.06,86943,82
2025-06-05 18:55:22.414844,6900.06,87006,82
2025-06-05 18:55:27.414844,6905.06,87069,81
2025-06-05 18:55:32.414844,6910.06,87132,82
2025-06-05 18:55:37.414844,6915.06,87195,82
2025-06-05 18:55:42.414844,6920.06,87258,81
2025-06-05 18:55:47.414844,6925.06,87321,82
2025-06-05 18:55:52.414844,6930.06,87384,82
2025-06-05 18:55:57.414844,6935.06,87447,83
2025-06-05 18:56:02.414844,6940.06,87510,82
2025-06-05 18:56:07.414844,6945.06,87573,83
2025-06-05 18:56:12.414844,6950.06,87636,84
2025-06-05 18:56:17.414844,6955.06,87699,85
2025-06-05 18:56:22.414844,6960.06,87762,85
2025-06-05 18:56:27.414844,6965.06,87825,86
2025-06-05 18:56:32.414844,6970.06,87888,87
2025-06-05 18:56:37.414844,6975.06,87951,88
2025-06-05 18:56:42.414844,6980.06,88014,89
2025-06-05 18:56:47.414844,6985.06,88077,88
2025-06-05 18:56:52.414844,6990.06,88140,88
2025-06-05 18:56:57.414844,6995.06,88203,88
2025-06-05 18:57:02.414844,7000.06,88266,89
2025-06-05 18:57:07.414844,7005.06,88329,90
2025-06-05 18:57:12.414844,7010.06,88392,90
2025-06-05 18:57:17.414844,7015.06,88455,90
2025-06-05 18:57:22.414844,7020.06,88518,90
2025-06-05 18:57:27.414844,7025.06,88581,90
2025-06-05 18:57:32.414844,7030.06,88644,90
2025-06-05 18:57:37.414844,7035.06,88707,90
2025-06-05 18:57:42.414844,7040.06,88770,90
2025-06-05 18:57:47.414844,7045.06,88833,89
2025-06-05 18:57:52.414844,7050.06,88896,89
2025-06-05 18:57:57.414844,7055.06,88959,89
2025-06-05 18:58:02.414844,7060.06,89022,88
2025-06-05 18:58:07.414844,7065.06,89085,89
2025-06-05 18:58:12.414844,7070.06,89148,90
2025-06-05 18:58:17.414844,7075.06,89211,90
2025-06-05 18:58:22.414844,7080.06,89274,90
2025-06-05 18:58:27.414844,7085.06,89337,89
2025-06-05 18:58:32.414844,7090.06,89400,89
2025-06-05 18:58:37.414844,7095.06,89463,90
2025-06-05 18:58:42.414844,7100.06,89526,90
2025-06-05 18:58:47.414844,7105.06,89589,90
2025-06-05 18:58:52.414844,7110.06,89652,90
2025-06-05 18:58:57.414844,7115.06,89715,89
2025-06-05 18:59:02.414844,7120.06,89778,90
2025-06-05 18:59:07.414844,7125.06,89841,90
2025-06-05 18:59:12.414844,7130.06,89904,90
2025-06-05 18:59:17.414844,7135.06,89967,90
2025-06-05 18:59:22.414844,7140.06,90030,90
2025-06-05 18:59:27.414844,7145.06,90093,90
2025-06-05 18:59:32.414844,7150.06,90156,89
2025-06-05 18:59:37.414844,7155.06,90219,90
2025-06-05 18:59:42.414844,7160.06,90282,90
2025-06-05 18:59:47.414844,7165.06,90345,89
2025-06-05 18:59:52.414844,7170.06,90408,89
2025-06-05 18:59:57.414844,7175.06,90471,88
2025-06-05 19:00:02.414844,7180.06,90534,87
2025-06-05 19:00:07.414844,7185.06,90597,87
2025-06-05 19:00:12.414844,7190.06,90660,86
2025-06-05 19:00:17.414844,7195.06,90723,85
2025-06-05 19:00:22.414844,7200.06,90786,86
2025-06-05 19:00:27.414844,7205.06,90849,86
2025-06-05 19:00:32.414844,7210.06,90912,87
2025-06-05 19:00:37.414844,7215.06,90975,86
2025-06-05 19:00:42.414844,7220.06,91038,87
2025-06-05 19:00:47.414844,7225.06,91101,87
2025-06-05 19:00:52.414844,7230.06,91164,88
2025-06-05 19:00:57.414844,7235.06,91227,88
2025-06-05 19:01:02.414844,7240.06,91290,88
2025-06-05 19:01:07.414844,7245.06,91353,87
2025-06-05 19:01:12.414844,7250.06,91416,88
2025-06-05 19:01:17.414844,7255.06,91479,87
2025-06-05 19:01:22.414844,7260.06,91542,87
2025-06-05 19:01:27.414844,7265.06,91605,86
2025-06-05 19:01:32.414844,7270.06,91668,87
2025-06-05 19:01:37.414844,7275.06,91731,86
2025-06-05 19:01:42.414844,7280.06,91794,86
2025-06-05 19:01:47.414844,7285.06,91857,86
2025-06-05 19:01:52.414844,7290.06,91920,85
2025-06-05 19:01:57.414844,7295.06,91983,85
2025-06-05 19:02:02.414844,7300.06,92046,84
2025-06-05 19:02:07.414844,7305.06,92109,83
2025-06-05 19:02:12.414844,7310.06,92172,84
2025-06-05 19:02:17.414844,7315.06,92235,85
2025-06-05 19:02:22.414844,7320.06,92298,84
2025-06-05 19:02:27.414844,7325.06,92361,84
2025-06-05 19:02:32.414844,7330.06,92424,83
2025-06-05 19:02:37.414844,7335.06,92487,84
2025-06-05 19:02:42.414844,7340.06,92550,84
2025-06-05 19:02:47.414844,7345.06,92613,83
2025-06-05 19:02:52.414844,7350.06,92676,84
2025-06-05 19:02:57.414844,7355.06,92739,84
2025-06-05 19:03:02.414844,7360.06,92802,84
2025-06-05 19:03:07.414844,7365.06,92865,84
2025-06-05 19:03:12.414844,7370.06,92928,85
2025-06-05 19:03:17.414844,7375.06,92991,86
2025-06-05 19:03:22.414844,7380.06,93054,87
2025-06-05 19:03:27.414844,7385.06,93117,87
2025-06-05 19:03:32.414844,7390.06,93180,88
2025-06-05 19:03:37.414844,7395.06,93243,87
2025-06-05 19:03:42.414844,7400.06,93306,86
2025-06-05 19:03:47.414844,7405.06,93369,85
2025-06-05 19:03:52.414844,7410.06,93432,85
2025-06-05 19:03:57.414844,7415.06,93495,84
2025-06-05 19:04:02.414844,7420.06,93558,84
2025-06-05 19:04:07.414844,7425.06,93621,84
2025-06-05 19:04:12.414844,7430.06,93684,85
2025-06-05 19:04:17.414844,7435.06,93747,84
2025-06-05 19:04:22.414844,7440.06,93810,85
2025-06-05 19:04:27.414844,7445.06,93873,85
2025-06-05 19:04:32.414844,7450.06,93936,86
2025-06-05 19:04:37.414844,7455.06,93999,87
2025-06-05 19:04:42.414844,7460.06,94062,87
2025-06-05 19:04:47.414844,7465.06,94125,87
2025-06-05 19:04:52.414844,7470.06,94188,88
2025-06-05 19:04:57.414844,7475.06,94251,88
2025-06-05 19:05:02.414844,7480.06,94314,88
2025-06-05 19:05:07.414844,7485.06,94377,87
2025-06-05 19:05:12.414844,7490.06,94440,88
2025-06-05 19:05:17.414844,7495.06,94503,89
2025-06-05 19:05:22.414844,7500.06,94566,90
